country,region,population,subpopulation,sampleyr1,sampleyr2,age_min,age_max,sex,k,n,prev,low_ci,up_ci,prev_adjustment,method,confirmation_method,ref,notes
USA,national,General population,,1988,1994,12,49,both,NA,NA,16,14.5,17.5,age,,,"Jones JL, Kruszon-Moran D, Rivera HN, Price C, Wilkins PP. Toxoplasma gondii seroprevalence in the United States 2009–2010 and comparison with the past two decades. The American journal of tropical medicine and hygiene. 2014 Jun 4;90(6):1135.",Seperated into 3 sampling periods; prevalence was given as age-adjusted
USA,national,General population,,1999,2004,12,49,both,NA,NA,12,10.8,13.2,age,,,"Jones JL, Kruszon-Moran D, Rivera HN, Price C, Wilkins PP. Toxoplasma gondii seroprevalence in the United States 2009–2010 and comparison with the past two decades. The American journal of tropical medicine and hygiene. 2014 Jun 4;90(6):1135.",Seperated into 3 sampling periods; prevalence was given as age-adjusted
USA,national,General population,,2009,2010,12,49,both,NA,NA,10.1,8.7,11.5,age,,,"Jones JL, Kruszon-Moran D, Rivera HN, Price C, Wilkins PP. Toxoplasma gondii seroprevalence in the United States 2009–2010 and comparison with the past two decades. The American journal of tropical medicine and hygiene. 2014 Jun 4;90(6):1135.",Seperated into 3 sampling periods; prevalence was given as age-adjusted
USA,national,General population,,2011,2014,12,49,both,526,7068,7.44,,,age,,,"Jones JL, Kruszon-Moran D, Elder S, Rivera HN, Press C, Montoya JG, McQuillan GM. Toxoplasma gondii infection in the United States, 2011–2014. The American Journal of Tropical Medicine and Hygiene. 2018 Feb;98(2):551.",Extracted values from Table 1
USA,national,Childbearing-age women,US-born,1988,1994,15,44,female,NA,NA,13,11,15,age,,,"Jones JL, Kruszon-Moran D, Rivera HN, Price C, Wilkins PP. Toxoplasma gondii seroprevalence in the United States 2009–2010 and comparison with the past two decades. The American journal of tropical medicine and hygiene. 2014 Jun 4;90(6):1135.",
USA,national,Childbearing-age women,US-born,1999,2004,15,44,female,NA,NA,7.8,6.1,9.4,age,,,"Jones JL, Kruszon-Moran D, Rivera HN, Price C, Wilkins PP. Toxoplasma gondii seroprevalence in the United States 2009–2010 and comparison with the past two decades. The American journal of tropical medicine and hygiene. 2014 Jun 4;90(6):1135.",
USA,national,Childbearing-age women,US-born,2009,2010,15,44,female,NA,NA,6.2,4.4,8,age,,,"Jones JL, Kruszon-Moran D, Rivera HN, Price C, Wilkins PP. Toxoplasma gondii seroprevalence in the United States 2009–2010 and comparison with the past two decades. The American journal of tropical medicine and hygiene. 2014 Jun 4;90(6):1135.",
USA,national,Childbearing-age women,US-born,2011,2014,15,44,female,NA,NA,4.45,3.13,6.34,age,,,"Jones JL, Kruszon-Moran D, Elder S, Rivera HN, Press C, Montoya JG, McQuillan GM. Toxoplasma gondii infection in the United States, 2011–2014. The American Journal of Tropical Medicine and Hygiene. 2018 Feb;98(2):551.",
USA,national,Military personnel,HIV-positive,1984,1993,see notes,see notes,both,146,1009,14.47,NA,NA,none,elisa,,"O'Bryan TA, Okulicz JF, Bradley WP, Ganesan A, Merritt SE, Agan BK. Toxoplasma gondii seroprevalence: 30-year trend in an HIV-infected US military cohort. Diagn Microbiol Infect Dis. 2016 Jan;84(1):34-35. doi: 10.1016/j.diagmicrobio.2015.09.008. Epub 2015 Sep 11. PMID: 26499204.",">90% individuals male; mean age 29-34 (IQR[25-27, 33-38])"
USA,national,Military personnel,HIV-positive,1994,2003,see notes,see notes,both,44,332,13.25,NA,NA,none,elisa,,"O'Bryan TA, Okulicz JF, Bradley WP, Ganesan A, Merritt SE, Agan BK. Toxoplasma gondii seroprevalence: 30-year trend in an HIV-infected US military cohort. Diagn Microbiol Infect Dis. 2016 Jan;84(1):34-35. doi: 10.1016/j.diagmicrobio.2015.09.008. Epub 2015 Sep 11. PMID: 26499204.",">90% individuals male; mean age 29-34 (IQR[25-27, 33-38])"
USA,national,Military personnel,HIV-positive,2004,2013,see notes,see notes,both,33,304,10.86,NA,NA,none,elisa,,"O'Bryan TA, Okulicz JF, Bradley WP, Ganesan A, Merritt SE, Agan BK. Toxoplasma gondii seroprevalence: 30-year trend in an HIV-infected US military cohort. Diagn Microbiol Infect Dis. 2016 Jan;84(1):34-35. doi: 10.1016/j.diagmicrobio.2015.09.008. Epub 2015 Sep 11. PMID: 26499204.",">90% individuals male; mean age 29-34 (IQR[25-27, 33-38])"
USA,"san antonio, texas",General population,mexican americans,1991,1995,15,95,both,NA,1227,9.2,NA,NA,NA,elisa,,"Rubicz R, Leach CT, Kraig E, Dhurandhar NV, Grubbs B, Blangero J, Yolken R, Göring HH. Seroprevalence of 13 common pathogens in a rapidly growing U.S. minority population: Mexican Americans from San Antonio, TX. BMC Res Notes. 2011 Oct 21;4:433. doi: 10.1186/1756-0500-4-433. PMID: 22018212; PMCID: PMC3214184.",not more than 1 timepoint
France,national,Pregnant women,,1995,,15,44,female,NA,13459,55,NA,NA,age,,,Toxoplasmosis in Pregnant women in France in 199. BEH No. 51. URL: http://beh.santepubliquefrance.fr/beh/1996/9651/index.html ,Using prev estimate from 2016 study (age standardised to 2014 ref pop)
France,national,Pregnant women,,2003,,15,44,female,NA,15108,44.9,NA,NA,age,,,"Berger F, Goulet V, Le Strat Y, Desenclos JC. Toxoplasmosis among Pregnant women in France: risk factors and change of prevalence between 1995 and 2003. Revue d'epidemiologie et de sante publique. 2009 Aug 1;57(4):241-8.",Using prev estimate from 2016 study (age standardised to 2014 ref pop)
France,national,Pregnant women,,2010,,15,44,female,NA,14884,37.7,NA,NA,age,,,"Tourdjman M, Tchéandjieu C, De Valk H, Goulet V, Le Strat Y. Toxoplasmosis in Pregnant women in France: evolution of seroprevalence and associated factors between 1995 and 2010, based on national perinatal surveys in Screenings during pregnancy and birth: recent epidemiological data. Bull Epidemiol Hebd. 2015:15-6.",Using prev estimate from 2016 study (age standardised to 2014 ref pop)
France,national,Pregnant women,,2016,,15,44,female,NA,13173,37.7,NA,NA,age,,,"Robinson E, de Valk H, Villena I, Le Strat Y, Tourdjman M. National perinatal survey demonstrates a decreasing seroprevalence of Toxoplasma gondii infection among Pregnant women in France, 1995 to 2016: impact for screening policy. Eurosurveillance. 2021 Feb 4;26(5):1900710.",Compared to previous 3 perinatal surveys by direct age standardisation to 2014 reference popultion
Romania,western,Pregnant women,,2008,2010,,,female,638,1457,43.79,NA,NA,none,,,"Motoi S, Navolan DB, Malita D, Ciohat I, Nemescu D, Manciuc C, Gorun F, Vilibic?Cavlek T, Boda D, Craina M, Dobrescu A. A decreasing trend in toxoplasma gondii seroprevalence among Pregnant women in Romania?results of a large scale study. Experimental and Therapeutic Medicine. 2020 Oct 1;20(4):3536-40.",
Romania,western,Pregnant women,,2015,2018,,,female,2108,5432,38.81,NA,NA,none,,,"Motoi S, Navolan DB, Malita D, Ciohat I, Nemescu D, Manciuc C, Gorun F, Vilibic?Cavlek T, Boda D, Craina M, Dobrescu A. A decreasing trend in toxoplasma gondii seroprevalence among Pregnant women inRomania?results of a large scale study. Experimental and Therapeutic Medicine. 2020 Oct 1;20(4):3536-40.",
Netherlands,national,General population,,1995,1996,15,49,female,NA,1699,35.2,32.9,38.6,"age, gender, ethnicity, urbanisation degree",sandwich_elisa,,"Hofhuis A, Van Pelt W, Van Duynhoven YT, Nijhuis CD, Mollema L, Van der Klis FR, Havelaar AH, Kortbeek LM. Decreased prevalence and age-specific risk factors for Toxoplasma gondii IgG antibodies in The Netherlands between 1995/1996 and 2006/2007. Epidemiology & Infection. 2011 Apr;139(4):530-8.",
Netherlands,national,General population,,2006,2007,15,49,female,NA,1195,18.5,16.2,20.7,"age, gender, ethnicity, urbanisation degree",sandwich_elisa,,"Hofhuis A, Van Pelt W, Van Duynhoven YT, Nijhuis CD, Mollema L, Van der Klis FR, Havelaar AH, Kortbeek LM. Decreased prevalence and age-specific risk factors for Toxoplasma gondii IgG antibodies in The Netherlands between 1995/1996 and 2006/2007. Epidemiology & Infection. 2011 Apr;139(4):530-8.",
Scotland,uncertain,Blood donors,,2006.33,2006.58,30,69,both,113,947,11.93,NA,NA,none,elisa,,"Burrells A, Opsteegh M, Pollock KG, Alexander CL, Chatterton J, Evans R, Walker R, McKenzie CA, Hill D, Innes EA, Katzer F. The prevalence and genotypic analysis of Toxoplasma gondii from individuals in Scotland, 2006–2012. Parasites & vectors. 2016 Dec;9(1):1-2.",I extracted data for no repeat blood donations
Scotland,uncertain,Blood donors,,2006.58,2007.67,30,69,both,105,811,12.95,NA,NA,none,elisa,,"Burrells A, Opsteegh M, Pollock KG, Alexander CL, Chatterton J, Evans R, Walker R, McKenzie CA, Hill D, Innes EA, Katzer F. The prevalence and genotypic analysis of Toxoplasma gondii from individuals in Scotland, 2006–2012. Parasites & vectors. 2016 Dec;9(1):1-2.",I extracted data for no repeat blood donations
Scotland,uncertain,Blood donors,,2008.33,2008.75,30,69,both,84,766,10.97,NA,NA,none,elisa,,"Burrells A, Opsteegh M, Pollock KG, Alexander CL, Chatterton J, Evans R, Walker R, McKenzie CA, Hill D, Innes EA, Katzer F. The prevalence and genotypic analysis of Toxoplasma gondii from individuals in Scotland, 2006–2012. Parasites & vectors. 2016 Dec;9(1):1-2.",I extracted data for no repeat blood donations
Scotland,uncertain,Blood donors,,2008.75,2009.17,30,69,both,76,749,10.15,NA,NA,none,elisa,,"Burrells A, Opsteegh M, Pollock KG, Alexander CL, Chatterton J, Evans R, Walker R, McKenzie CA, Hill D, Innes EA, Katzer F. The prevalence and genotypic analysis of Toxoplasma gondii from individuals in Scotland, 2006–2012. Parasites & vectors. 2016 Dec;9(1):1-2.",I extracted data for no repeat blood donations
France,paris,Hospital antendees,saint-louis hospital,1997,,0,80,both,NA,1632,64.5,NA,NA,,elisa,,"Guigue N, Léon L, Hamane S, Gits-Muselli M, Le Strat Y, Alanio A, Bretagne S. Continuous decline of Toxoplasma gondii seroprevalence in hospital: a 1997–2014 longitudinal study in Paris, France. Frontiers in Microbiology. 2018:2369.",
France,paris,Hospital antendees,saint-louis hospital,1998,,0,80,both,NA,1360,66.8,NA,NA,,elisa,,"Guigue N, Léon L, Hamane S, Gits-Muselli M, Le Strat Y, Alanio A, Bretagne S. Continuous decline of Toxoplasma gondii seroprevalence in hospital: a 1997–2014 longitudinal study in Paris, France. Frontiers in Microbiology. 2018:2369.",
France,paris,Hospital antendees,saint-louis hospital,1999,,0,80,both,NA,1342,65,NA,NA,,elisa,,"Guigue N, Léon L, Hamane S, Gits-Muselli M, Le Strat Y, Alanio A, Bretagne S. Continuous decline of Toxoplasma gondii seroprevalence in hospital: a 1997–2014 longitudinal study in Paris, France. Frontiers in Microbiology. 2018:2369.",
France,paris,Hospital antendees,saint-louis hospital,2000,,0,80,both,NA,1186,67.3,NA,NA,,elisa,,"Guigue N, Léon L, Hamane S, Gits-Muselli M, Le Strat Y, Alanio A, Bretagne S. Continuous decline of Toxoplasma gondii seroprevalence in hospital: a 1997–2014 longitudinal study in Paris, France. Frontiers in Microbiology. 2018:2369.",
France,paris,Hospital antendees,saint-louis hospital,2001,,0,80,both,NA,1262,64,NA,NA,,elisa,,"Guigue N, Léon L, Hamane S, Gits-Muselli M, Le Strat Y, Alanio A, Bretagne S. Continuous decline of Toxoplasma gondii seroprevalence in hospital: a 1997–2014 longitudinal study in Paris, France. Frontiers in Microbiology. 2018:2369.",
France,paris,Hospital antendees,saint-louis hospital,2002,,0,80,both,NA,1338,63.7,NA,NA,,elisa,,"Guigue N, Léon L, Hamane S, Gits-Muselli M, Le Strat Y, Alanio A, Bretagne S. Continuous decline of Toxoplasma gondii seroprevalence in hospital: a 1997–2014 longitudinal study in Paris, France. Frontiers in Microbiology. 2018:2369.",
France,paris,Hospital antendees,saint-louis hospital,2003,,0,80,both,NA,1158,59.4,NA,NA,,elisa,,"Guigue N, Léon L, Hamane S, Gits-Muselli M, Le Strat Y, Alanio A, Bretagne S. Continuous decline of Toxoplasma gondii seroprevalence in hospital: a 1997–2014 longitudinal study in Paris, France. Frontiers in Microbiology. 2018:2369.",
France,paris,Hospital antendees,saint-louis hospital,2004,,0,80,both,NA,1219,59,NA,NA,,elisa,,"Guigue N, Léon L, Hamane S, Gits-Muselli M, Le Strat Y, Alanio A, Bretagne S. Continuous decline of Toxoplasma gondii seroprevalence in hospital: a 1997–2014 longitudinal study in Paris, France. Frontiers in Microbiology. 2018:2369.",
France,paris,Hospital antendees,saint-louis hospital,2005,,0,80,both,NA,1273,57,NA,NA,,elisa,,"Guigue N, Léon L, Hamane S, Gits-Muselli M, Le Strat Y, Alanio A, Bretagne S. Continuous decline of Toxoplasma gondii seroprevalence in hospital: a 1997–2014 longitudinal study in Paris, France. Frontiers in Microbiology. 2018:2369.",
France,paris,Hospital antendees,saint-louis hospital,2006,,0,80,both,NA,1283,59.7,NA,NA,,elisa,,"Guigue N, Léon L, Hamane S, Gits-Muselli M, Le Strat Y, Alanio A, Bretagne S. Continuous decline of Toxoplasma gondii seroprevalence in hospital: a 1997–2014 longitudinal study in Paris, France. Frontiers in Microbiology. 2018:2369.",
France,paris,Hospital antendees,saint-louis hospital,2007,,0,80,both,NA,1146,57.2,NA,NA,,elisa,,"Guigue N, Léon L, Hamane S, Gits-Muselli M, Le Strat Y, Alanio A, Bretagne S. Continuous decline of Toxoplasma gondii seroprevalence in hospital: a 1997–2014 longitudinal study in Paris, France. Frontiers in Microbiology. 2018:2369.",
France,paris,Hospital antendees,saint-louis hospital,2008,,0,80,both,NA,1192,57.6,NA,NA,,elisa,,"Guigue N, Léon L, Hamane S, Gits-Muselli M, Le Strat Y, Alanio A, Bretagne S. Continuous decline of Toxoplasma gondii seroprevalence in hospital: a 1997–2014 longitudinal study in Paris, France. Frontiers in Microbiology. 2018:2369.",
France,paris,Hospital antendees,saint-louis hospital,2009,,0,80,both,NA,1194,56.3,NA,NA,,elisa,,"Guigue N, Léon L, Hamane S, Gits-Muselli M, Le Strat Y, Alanio A, Bretagne S. Continuous decline of Toxoplasma gondii seroprevalence in hospital: a 1997–2014 longitudinal study in Paris, France. Frontiers in Microbiology. 2018:2369.",
France,paris,Hospital antendees,saint-louis hospital,2010,,0,80,both,NA,1205,56.8,NA,NA,,elisa,,"Guigue N, Léon L, Hamane S, Gits-Muselli M, Le Strat Y, Alanio A, Bretagne S. Continuous decline of Toxoplasma gondii seroprevalence in hospital: a 1997–2014 longitudinal study in Paris, France. Frontiers in Microbiology. 2018:2369.",
France,paris,Hospital antendees,saint-louis hospital,2011,,0,80,both,NA,1230,55.4,NA,NA,,elisa,,"Guigue N, Léon L, Hamane S, Gits-Muselli M, Le Strat Y, Alanio A, Bretagne S. Continuous decline of Toxoplasma gondii seroprevalence in hospital: a 1997–2014 longitudinal study in Paris, France. Frontiers in Microbiology. 2018:2369.",
France,paris,Hospital antendees,saint-louis hospital,2012,,0,80,both,NA,1293,54.7,NA,NA,,elisa,,"Guigue N, Léon L, Hamane S, Gits-Muselli M, Le Strat Y, Alanio A, Bretagne S. Continuous decline of Toxoplasma gondii seroprevalence in hospital: a 1997–2014 longitudinal study in Paris, France. Frontiers in Microbiology. 2018:2369.",
France,paris,Hospital antendees,saint-louis hospital,2013,,0,80,both,NA,1167,54.7,NA,NA,,elisa,,"Guigue N, Léon L, Hamane S, Gits-Muselli M, Le Strat Y, Alanio A, Bretagne S. Continuous decline of Toxoplasma gondii seroprevalence in hospital: a 1997–2014 longitudinal study in Paris, France. Frontiers in Microbiology. 2018:2369.",
France,paris,Pregnant women,cochin hospital,1987,,,,female,2802,3959,70.8,NA,NA,none,NA,,"Ancelle T, Yera H, Talabani H, Lebuisson A, Thulliez P, Dupouy-Camet J. Comment réduire le coût du dépistage de la toxoplasmose chez la femme enceinte? [How can the cost of screening for toxoplasmosis during pregnancy be reduced?]. Rev Epidemiol Sante Publique. 2009 Dec;57(6):411-7. French. doi: 10.1016/j.respe.2009.08.011. PMID: 19932576.",more data in figure but not reported in text
France,paris,Pregnant women,cochin hospital,2008,,,,female,1076,2212,48.6,NA,NA,none,NA,,"Ancelle T, Yera H, Talabani H, Lebuisson A, Thulliez P, Dupouy-Camet J. Comment réduire le coût du dépistage de la toxoplasmose chez la femme enceinte? [How can the cost of screening for toxoplasmosis during pregnancy be reduced?]. Rev Epidemiol Sante Publique. 2009 Dec;57(6):411-7. French. doi: 10.1016/j.respe.2009.08.011. PMID: 19932576.",more data in figure but not reported in text
Portugal,national,Blood donors,,1979,1980,NA,NA,both,NA,1675,47,45,49,,indirect immunofluorescence,,"Gargaté MJ, Ferreira I, Vilares A, Martins S, Cardoso C, Silva S, Nunes B, Gomes JP. Toxoplasma gondii seroprevalence in the Portuguese population: comparison of three cross-sectional studies spanning three decades. BMJ open. 2016 Oct 1;6(10):e011648.",opportunistic sampling (individuals seeking diverse blood analysis; but national) 
Portugal,national,Blood donors,,2001,,NA,NA,both,NA,1675,36,34,39,,elfa,direct agglutination test,"Gargaté MJ, Ferreira I, Vilares A, Martins S, Cardoso C, Silva S, Nunes B, Gomes JP. Toxoplasma gondii seroprevalence in the Portuguese population: comparison of three cross-sectional studies spanning three decades. BMJ open. 2016 Oct 1;6(10):e011648.",opportunistic sampling (individuals seeking diverse blood analysis; but national) 
Portugal,national,Blood donors,,2013,,NA,NA,both,NA,1440,22,20,24,,elfa,direct agglutination test,"Gargaté MJ, Ferreira I, Vilares A, Martins S, Cardoso C, Silva S, Nunes B, Gomes JP. Toxoplasma gondii seroprevalence in the Portuguese population: comparison of three cross-sectional studies spanning three decades. BMJ open. 2016 Oct 1;6(10):e011648.",opportunistic sampling (individuals seeking diverse blood analysis; but national) 
Mexico,national,General population,,2000,,1,98,both,NA,3599,62.5,NA,NA,"""epidemiologically weighted""",elisa,western blot,"Caballero-Ortega H, Uribe-Salas FJ, Conde-Glez CJ, Cedillo-Pelaez C, Vargas-Villavicencio JA, Luna-Pastén H, Cañedo-Solares I, Ortiz-Alegría LB, Correa D. Seroprevalence and national distribution of human toxoplasmosis in Mexico: analysis of the 2000 and 2006 National Health Surveys. Transactions of the Royal Society of Tropical Medicine and Hygiene. 2012 Nov 1;106(11):653-9.",chose weighted seroprevalence; data also available on immunoassay performance-adjusted seroprevalence
Mexico,national,General population,,2006,,1,98,both,NA,2916,63.7,NA,NA,"""epidemiologically weighted""",elisa,western blot,"Caballero-Ortega H, Uribe-Salas FJ, Conde-Glez CJ, Cedillo-Pelaez C, Vargas-Villavicencio JA, Luna-Pastén H, Cañedo-Solares I, Ortiz-Alegría LB, Correa D. Seroprevalence and national distribution of human toxoplasmosis in Mexico: analysis of the 2000 and 2006 National Health Surveys. Transactions of the Royal Society of Tropical Medicine and Hygiene. 2012 Nov 1;106(11):653-9.",chose weighted seroprevalence; data also available on immunoassay performance-adjusted seroprevalence
Mexico,durango city,Blood donors,,2006,,18,60,both,32,432,7.41,NA,NA,none,elisa,,"Alvarado-Esquivel C, Mercado-Suarez MF, Rodríguez-Briones A, Fallad-Torres L, Ayala-Ayala JO, Nevarez-Piedra LJ, Duran-Morales E, Estrada-Martínez S, Liesenfeld O, Márquez-Conde JA, Martínez-García SA. Seroepidemiology of infection with Toxoplasma gondii in healthy Blood donors of Durango, Mexico. BMC Infect Dis. 2007 Jul 13;7:75. doi: 10.1186/1471-2334-7-75. PMID: 17629901; PMCID: PMC1940003.",
Germany,south-west,Pregnant women,,1992,,15,47,female,NA,5670,39,NA,NA,NA,direct agglutination test and isaga,,Beringer T. Is diagnosis of toxoplasmosis within the scope of prenatal care meaningful?. Geburtshilfe und Frauenheilkunde. 1992 Dec 1;52(12):740-1.,NB: sampling year info not provided in the article; so I have put year as publication year
Germany,north-east,General population,,1994,1996,20,40,both,NA,4854,59,NA,NA,NA,,,"Fiedler K, Hülsse C, Straube W, Briese V. Toxoplasmosis-antibody seroprevalence in Mecklenburg-Western Pomerania. Zentralblatt fur Gynakologie. 1999 Jan 1;121(5):239-43.",
Germany,national,General population,,2008,2011,18,79,both,3602,6564,54.88,NA,NA,none,elfa,,"Wilking H, Thamm M, Stark K, Aebischer T, Seeber F. Prevalence, incidence estimations, and risk factors of Toxoplasma gondii infection in Germany: a representative, cross-sectional, serological study. Sci Rep. 2016 Mar 3;6:22551. doi: 10.1038/srep22551. PMID: 26936108; PMCID: PMC4776094.",
Canada,quebec,General population,nunavik inuit,2004,,18,74,both,NA,917,59.8,56.8,62.9,age & other factors?,elisa,,"Messier V, Lévesque B, Proulx JF, Rochette L, Libman MD, Ward BJ, Serhir B, Couillard M, Ogden NH, Dewailly E, Hubert B, Déry S, Barthe C, Murphy D, Dixon B. Seroprevalence of Toxoplasma gondii among Nunavik Inuit (Canada). Zoonoses Public Health. 2009 May;56(4):188-97. doi: 10.1111/j.1863-2378.2008.01177.x. Epub 2008 Sep 22. PMID: 18811673.",
Canada,quebec,General population,nunavik inuit,2017,,16,>75,both,NA,1300,42.9,40.4,45.3,"age, sex, region",elisa,,"Ducrocq J, Ndao M, Yansouni CP, Proulx JF, Mondor M, Hamel D, Lévesque B, De Serres G, Talbot D. Epidemiology associated with the exposure to Toxoplasma gondii in Nunavik's Inuit population using the 2017 Qanuilirpitaa cross-sectional health survey. Zoonoses Public Health. 2021 Nov;68(7):803-814. doi: 10.1111/zph.12870. Epub 2021 Jul 12. PMID: 34254450.",
Canada,quebec,General population,nunavik inuit,2007,2008,<50,>50,both,NA,NA,32.4,29.4,35.5,"age, education",elisa,,"Goyette S, Cao Z, Libman M, Ndao M, Ward BJ. Seroprevalence of parasitic zoonoses and their relationship with social factors among the Canadian Inuit in Arctic regions. Diagn Microbiol Infect Dis. 2014 Apr;78(4):404-10. doi: 10.1016/j.diagmicrobio.2013.08.026. Epub 2014 Jan 22. PMID: 24461773.",N only available for total number in all tribes (N=2209)
Canada,quebec,General population,nunatsiavut inuit,2007,2008,<50,>50,both,NA,NA,11.3,6.2,16.3,"age, education",elisa,,"Goyette S, Cao Z, Libman M, Ndao M, Ward BJ. Seroprevalence of parasitic zoonoses and their relationship with social factors among the Canadian Inuit in Arctic regions. Diagn Microbiol Infect Dis. 2014 Apr;78(4):404-10. doi: 10.1016/j.diagmicrobio.2013.08.026. Epub 2014 Jan 22. PMID: 24461773.",N only available for total number in all tribes (N=2209)
Canada,quebec,General population,nuvialuit settlement region (ISR) inuit,2007,2008,<50,>50,both,NA,NA,7.5,3.5,11.5,"age, education",elisa,,"Goyette S, Cao Z, Libman M, Ndao M, Ward BJ. Seroprevalence of parasitic zoonoses and their relationship with social factors among the Canadian Inuit in Arctic regions. Diagn Microbiol Infect Dis. 2014 Apr;78(4):404-10. doi: 10.1016/j.diagmicrobio.2013.08.026. Epub 2014 Jan 22. PMID: 24461773.",N only available for total number in all tribes (N=2209)
South Korea,Cheorwon-gun (mainland),General population,,2010,,<49,>80,both,258,1336,19.31,NA,NA,none,rapid diagnostic test,,"Kim YH, Lee J, Kim YE, Ahn S, Kim TS, Hong SJ, Chong CK, Ahn HJ, Nam HW. Seroprevalence of Toxoplasmosis Detected by RDT in Residents near the DMZ (demilitarized zone) of Cheorwon-gun, Gangwon-do, Korea. The Korean Journal of Parasitology. 2017 Aug;55(4):385.","seropositivity higher in females; proportion of females in survey increases from 2010-2013, so this could explain the trend"
South Korea,Cheorwon-gun (mainland),General population,,2011,,<49,>80,both,128,583,21.96,NA,NA,none,rapid diagnostic test,,"Kim YH, Lee J, Kim YE, Ahn S, Kim TS, Hong SJ, Chong CK, Ahn HJ, Nam HW. Seroprevalence of Toxoplasmosis Detected by RDT in Residents near the DMZ (demilitarized zone) of Cheorwon-gun, Gangwon-do, Korea. The Korean Journal of Parasitology. 2017 Aug;55(4):385.","seropositivity higher in females; proportion of females in survey increases from 2010-2013, so this could explain the trend"
South Korea,Cheorwon-gun (mainland),General population,,2012,,<49,>80,both,123,526,23.38,NA,NA,none,rapid diagnostic test,,"Kim YH, Lee J, Kim YE, Ahn S, Kim TS, Hong SJ, Chong CK, Ahn HJ, Nam HW. Seroprevalence of Toxoplasmosis Detected by RDT in Residents near the DMZ (demilitarized zone) of Cheorwon-gun, Gangwon-do, Korea. The Korean Journal of Parasitology. 2017 Aug;55(4):385.","seropositivity higher in females; proportion of females in survey increases from 2010-2013, so this could explain the trend"
South Korea,Cheorwon-gun (mainland),General population,,2013,,<49,>80,both,156,583,26.76,NA,NA,none,rapid diagnostic test,,"Kim YH, Lee J, Kim YE, Ahn S, Kim TS, Hong SJ, Chong CK, Ahn HJ, Nam HW. Seroprevalence of Toxoplasmosis Detected by RDT in Residents near the DMZ (demilitarized zone) of Cheorwon-gun, Gangwon-do, Korea. The Korean Journal of Parasitology. 2017 Aug;55(4):385.","seropositivity higher in females; proportion of females in survey increases from 2010-2013, so this could explain the trend"
South Korea,"Gyodong-do (island), Inchon city",General population,,2010,,<49,>80,both,200,921,21.72,NA,NA,none,rapid diagnostic test,,"Kim YH, Lee JH, Ahn SK, Kim TS, Hong SJ, Chong CK, Ahn HJ, Nam HW. Seroprevalence of Toxoplasmosis with ELISA and Rapid Diagnostic Test among Residents in Gyodong-do, Inchon city, Korea: A Four-Year Follow-up. Korean J Parasitol. 2017 Jun;55(3):247-254. doi: 10.3347/kjp.2017.55.3.247. Epub 2017 Jun 30. PMID: 28719949; PMCID: PMC5523892.",selected seroprevalence results using RDT (not ELISA) to improve comparability with other korean study over same years
South Korea,"Gyodong-do (island), Inchon city",General population,,2011,,<49,>80,both,253,993,25.48,NA,NA,none,rapid diagnostic test,,"Kim YH, Lee JH, Ahn SK, Kim TS, Hong SJ, Chong CK, Ahn HJ, Nam HW. Seroprevalence of Toxoplasmosis with ELISA and Rapid Diagnostic Test among Residents in Gyodong-do, Inchon city, Korea: A Four-Year Follow-up. Korean J Parasitol. 2017 Jun;55(3):247-254. doi: 10.3347/kjp.2017.55.3.247. Epub 2017 Jun 30. PMID: 28719949; PMCID: PMC5523892.",selected seroprevalence results using RDT (not ELISA) to improve comparability with other korean study over same years
South Korea,"Gyodong-do (island), Inchon city",General population,,2012,,<49,>80,both,272,940,28.94,NA,NA,none,rapid diagnostic test,,"Kim YH, Lee JH, Ahn SK, Kim TS, Hong SJ, Chong CK, Ahn HJ, Nam HW. Seroprevalence of Toxoplasmosis with ELISA and Rapid Diagnostic Test among Residents in Gyodong-do, Inchon city, Korea: A Four-Year Follow-up. Korean J Parasitol. 2017 Jun;55(3):247-254. doi: 10.3347/kjp.2017.55.3.247. Epub 2017 Jun 30. PMID: 28719949; PMCID: PMC5523892.",selected seroprevalence results using RDT (not ELISA) to improve comparability with other korean study over same years
South Korea,"Gyodong-do (island), Inchon city",General population,,2013,,<49,>80,both,277,838,33.05,NA,NA,none,rapid diagnostic test,,"Kim YH, Lee JH, Ahn SK, Kim TS, Hong SJ, Chong CK, Ahn HJ, Nam HW. Seroprevalence of Toxoplasmosis with ELISA and Rapid Diagnostic Test among Residents in Gyodong-do, Inchon city, Korea: A Four-Year Follow-up. Korean J Parasitol. 2017 Jun;55(3):247-254. doi: 10.3347/kjp.2017.55.3.247. Epub 2017 Jun 30. PMID: 28719949; PMCID: PMC5523892.",selected seroprevalence results using RDT (not ELISA) to improve comparability with other korean study over same years
South Korea,Gyodong-myeon (island),General population,,2010,,<39,>80,both,133,919,14.47,,,,elisa,,"Yang Z, Cho PY, Ahn SK, Ahn HJ, Kim TS, Chong CK, Hong SJ, Cha SH, Nam HW. A surge in the seroprevalence of toxoplasmosis among the residents of islands in Gangwha-gun, Incheon, Korea. Korean J Parasitol. 2012 Sep;50(3):191-7. doi: 10.3347/kjp.2012.50.3.191. Epub 2012 Aug 13. PMID: 22949745; PMCID: PMC3428563.",
South Korea,Gyodong-myeon (island),General population,,2011,,<39,>80,both,227,955,23.77,,,,elisa,,"Yang Z, Cho PY, Ahn SK, Ahn HJ, Kim TS, Chong CK, Hong SJ, Cha SH, Nam HW. A surge in the seroprevalence of toxoplasmosis among the residents of islands in Gangwha-gun, Incheon, Korea. Korean J Parasitol. 2012 Sep;50(3):191-7. doi: 10.3347/kjp.2012.50.3.191. Epub 2012 Aug 13. PMID: 22949745; PMCID: PMC3428563.",
South Korea,Samsan-myeon (island),General population,,2010,,<39,>80,both,62,313,19.81,,,,elisa,,"Yang Z, Cho PY, Ahn SK, Ahn HJ, Kim TS, Chong CK, Hong SJ, Cha SH, Nam HW. A surge in the seroprevalence of toxoplasmosis among the residents of islands in Gangwha-gun, Incheon, Korea. Korean J Parasitol. 2012 Sep;50(3):191-7. doi: 10.3347/kjp.2012.50.3.191. Epub 2012 Aug 13. PMID: 22949745; PMCID: PMC3428563.",
South Korea,Samsan-myeon (island),General population,,2011,,<39,>80,both,108,341,31.67,,,,elisa,,"Yang Z, Cho PY, Ahn SK, Ahn HJ, Kim TS, Chong CK, Hong SJ, Cha SH, Nam HW. A surge in the seroprevalence of toxoplasmosis among the residents of islands in Gangwha-gun, Incheon, Korea. Korean J Parasitol. 2012 Sep;50(3):191-7. doi: 10.3347/kjp.2012.50.3.191. Epub 2012 Aug 13. PMID: 22949745; PMCID: PMC3428563.",
South Korea,Gangwha-gun (island),General population,,2010,,<39,>80,both,195,1232,15.83,,,,elisa,,"Yang Z, Cho PY, Ahn SK, Ahn HJ, Kim TS, Chong CK, Hong SJ, Cha SH, Nam HW. A surge in the seroprevalence of toxoplasmosis among the residents of islands in Gangwha-gun, Incheon, Korea. Korean J Parasitol. 2012 Sep;50(3):191-7. doi: 10.3347/kjp.2012.50.3.191. Epub 2012 Aug 13. PMID: 22949745; PMCID: PMC3428563.",
South Korea,Gangwha-gun (island),General population,,2011,,<39,>80,both,335,1296,25.85,,,,elisa,,"Yang Z, Cho PY, Ahn SK, Ahn HJ, Kim TS, Chong CK, Hong SJ, Cha SH, Nam HW. A surge in the seroprevalence of toxoplasmosis among the residents of islands in Gangwha-gun, Incheon, Korea. Korean J Parasitol. 2012 Sep;50(3):191-7. doi: 10.3347/kjp.2012.50.3.191. Epub 2012 Aug 13. PMID: 22949745; PMCID: PMC3428563.",
South Korea,Ockcheon-gun,General population,,2000,,7,88,both,74,1109,6.67,NA,NA,none,elisa,,"Lee YH, Noh HJ, Hwang OS, Lee SK, Shin DW. Seroepidemiological study of Toxoplasma gondii infection in the rural area Okcheon-gun, Korea. Korean J Parasitol. 2000 Dec;38(4):251-6. doi: 10.3347/kjp.2000.38.4.251. PMID: 11138318; PMCID: PMC2721207.",
China,rural china,Women of childbearing age,,2010,2012,,,female,40055,1541329,2.6,,,,,,"Qin X, Zhang S, Liu H, Cheng G, Liu Y, Hu M, Liu N, Zhang M. Seroepidemiology of TORCH Infections among 1.7 Million Women of childbearing age in Rural China: A Population-Based Cross-Sectional Study. Am J Trop Med Hyg. 2021 Sep 20;105(5):1202-1209. doi: 10.4269/ajtmh.20-0137. PMID: 34544045; PMCID: PMC8592177.",Full text inaccessible until Nov 2022
Israel,national,jewish population,,2006,2007,0,>60,both,351,1813,19.36,,,,elisa,,"Markovich MP, Shohat T, Riklis I, Avni R, Yujelevski-Rozenblit D, Bassal R, Cohen D, Rorman E. Seroepidemiology of Toxoplasma gondii infection in the Israeli population. Epidemiol Infect. 2014 Jan;142(1):149-55. doi: 10.1017/S0950268813000903. Epub 2013 Apr 15. PMID: 23587449.",
Israel,national,arab population,,2011,2011,0,>60,both,330,597,55.28,,,,elisa,,"Markovich MP, Shohat T, Riklis I, Avni R, Yujelevski-Rozenblit D, Bassal R, Cohen D, Rorman E. Seroepidemiology of Toxoplasma gondii infection in the Israeli population. Epidemiol Infect. 2014 Jan;142(1):149-55. doi: 10.1017/S0950268813000903. Epub 2013 Apr 15. PMID: 23587449.",
Israel,national,bedouin population,,2011,2011,0,>60,both,101,384,26.3,,,,elisa,,"Markovich MP, Shohat T, Riklis I, Avni R, Yujelevski-Rozenblit D, Bassal R, Cohen D, Rorman E. Seroepidemiology of Toxoplasma gondii infection in the Israeli population. Epidemiol Infect. 2014 Jan;142(1):149-55. doi: 10.1017/S0950268813000903. Epub 2013 Apr 15. PMID: 23587449.",
Argentina,buenos aires,Blood donors,,1967,,<20,40,both,NA,1260,67,64.4,69.6,,sabin feldman dye test ,,"Kaufer FJ, Carral LA, Messina MT, Schneider MV, Méndez M, Herrera L, Freuler CB, Durlach RA. Prevalencia de anticuerpos anti-Toxoplasma gondii en hemodonantes en la ciudad de Buenos Aires, desde 1967 a 2017 [Prevalence of anti-Toxoplasma gondii antibodies in Blood donors in Buenos Aires city, from 1967 to 2017]. Medicina (B Aires). 2017;77(6):475-480. Spanish. PMID: 29223938.",Blood donors attending one hospital
Argentina,buenos aires,Blood donors,,1997,,<20,40,both,NA,1496,35,33.3,38.3,,sabin feldman dye test ,,"Kaufer FJ, Carral LA, Messina MT, Schneider MV, Méndez M, Herrera L, Freuler CB, Durlach RA. Prevalencia de anticuerpos anti-Toxoplasma gondii en hemodonantes en la ciudad de Buenos Aires, desde 1967 a 2017 [Prevalence of anti-Toxoplasma gondii antibodies in Blood donors in Buenos Aires city, from 1967 to 2017]. Medicina (B Aires). 2017;77(6):475-480. Spanish. PMID: 29223938.",Blood donors attending one hospital
Argentina,buenos aires,Blood donors,,2007,,<20,40,both,NA,1603,31.9,29.6,34.2,,sabin feldman dye test ,,"Kaufer FJ, Carral LA, Messina MT, Schneider MV, Méndez M, Herrera L, Freuler CB, Durlach RA. Prevalencia de anticuerpos anti-Toxoplasma gondii en hemodonantes en la ciudad de Buenos Aires, desde 1967 a 2017 [Prevalence of anti-Toxoplasma gondii antibodies in Blood donors in Buenos Aires city, from 1967 to 2017]. Medicina (B Aires). 2017;77(6):475-480. Spanish. PMID: 29223938.",Blood donors attending one hospital
Argentina,buenos aires,Blood donors,,2017,,<20,40,both,NA,1393,21.2,19,23.3,,sabin feldman dye test ,,"Kaufer FJ, Carral LA, Messina MT, Schneider MV, Méndez M, Herrera L, Freuler CB, Durlach RA. Prevalencia de anticuerpos anti-Toxoplasma gondii en hemodonantes en la ciudad de Buenos Aires, desde 1967 a 2017 [Prevalence of anti-Toxoplasma gondii antibodies in Blood donors in Buenos Aires city, from 1967 to 2017]. Medicina (B Aires). 2017;77(6):475-480. Spanish. PMID: 29223938.",Blood donors attending one hospital
Argentina,La Plata,Pregnant women,,1992,,15,45,female,NA,785,65.7,NA,NA,,NA,,"Márquez MD, Etcheverry IS. Seroprevalencia de toxoplasmosis en mujeres embarazadas de la ciudad de La Plata. Acta bioquím. clín. latinoam. 2003:413-5.",Year-specific n not given so I divided the total in 2 and distributed each half to one year
Argentina,La Plata,Pregnant women,,2001,,15,45,female,NA,785,48.7,NA,NA,,NA,,"Márquez MD, Etcheverry IS. Seroprevalencia de toxoplasmosis en mujeres embarazadas de la ciudad de La Plata. Acta bioquím. clín. latinoam. 2003:413-5.",Year-specific n not given so I divided the total in 2 and distributed each half to one year
colombia,cali,Pregnant women,,2005,,14,40,female,437,955,45.8,41.8,48.2,none,meia,,"Rosso F, Les JT, Agudelo A, Villalobos C, Chaves JA, Tunubala GA, Messa A, Remington JS, Montoya JG. Prevalence of infection with Toxoplasma gondii among Pregnant women in Cali, Colombia, South America. Am J Trop Med Hyg. 2008 Mar;78(3):504-8. PMID: 18337350.",mean age 25.1
Switzerland,basel,Pregnant women,,1982,1985,16,46,female,NA,10000,53,NA,NA,none,elisa,,"Signorell LM, Seitz D, Merkel S, Berger R, Rudin C. Cord blood screening for congenital toxoplasmosis in northwestern Switzerland, 1982–1999. The Pediatric infectious disease journal. 2006 Feb 1;25(2):123-8.",assuming no. mothers samples = no. infants sampled
Switzerland,basel,Pregnant women,,2000,,16,46,female,NA,4990,35,NA,NA,none,elisa,,"Signorell LM, Seitz D, Merkel S, Berger R, Rudin C. Cord blood screening for congenital toxoplasmosis in northwestern Switzerland, 1982–1999. The Pediatric infectious disease journal. 2006 Feb 1;25(2):123-8.","Used collection period 1994-99 to estimate n by: 24,950[n(1994-99)]/5. This assumes that no. cord blood samples = no. pregnant women sampled."
England,south yorkshire,General population,,1969,1973,2,>60,both,241,799,30.16,NA,NA,none,NA,,"Ades AE, Nokes DJ. Modeling age-and time-specific incidence from seroprevalence: toxoplasmosis. American Journal of Epidemiology. 1993 May 1;137(9):1022-34.","calculated k from n and seroprevalence data in each age catageory. Note original data from ref ""Longitudinal study of toxoplasma seroprevalence in South Yorkshire"""
England,south yorkshire,General population,,1976,1979,2,>60,both,222,756,29.37,NA,NA,none,NA,,"Ades AE, Nokes DJ. Modeling age-and time-specific incidence from seroprevalence: toxoplasmosis. American Journal of Epidemiology. 1993 May 1;137(9):1022-34.","calculated k from n and seroprevalence data in each age catageory. Note original data from ref ""Longitudinal study of toxoplasma seroprevalence in South Yorkshire"""
England,south yorkshire,General population,,1981,1985,2,>60,both,213,815,26.13,NA,NA,none,NA,,"Ades AE, Nokes DJ. Modeling age-and time-specific incidence from seroprevalence: toxoplasmosis. American Journal of Epidemiology. 1993 May 1;137(9):1022-34.","calculated k from n and seroprevalence data in each age catageory. Note original data from ref ""Longitudinal study of toxoplasma seroprevalence in South Yorkshire"""
England,south yorkshire,General population,,1988,1990,2,>60,both,322,1415,22.76,NA,NA,none,NA,,"Ades AE, Nokes DJ. Modeling age-and time-specific incidence from seroprevalence: toxoplasmosis. American Journal of Epidemiology. 1993 May 1;137(9):1022-34.","calculated k from n and seroprevalence data in each age catageory. Note original data from ref ""Longitudinal study of toxoplasma seroprevalence in South Yorkshire"""
Sweden,stockholm,Pregnant women,,1969,,15,45,female,297,863,34.41,NA,NA,none,NA,,"Nokes DJ, Forsgren M, Gille E, Ljungström I. Modelling toxoplasma incidence from longitudinal seroprevalence in Stockholm, Sweden. Parasitology. 1993 Jul;107(1):33-40.",
Sweden,stockholm,Pregnant women,,1979,,15,45,female,270,905,29.83,NA,NA,none,NA,,"Nokes DJ, Forsgren M, Gille E, Ljungström I. Modelling toxoplasma incidence from longitudinal seroprevalence in Stockholm, Sweden. Parasitology. 1993 Jul;107(1):33-40.",
Sweden,stockholm,Pregnant women,,1987,,15,45,female,168,939,17.89,NA,NA,none,NA,,"Nokes DJ, Forsgren M, Gille E, Ljungström I. Modelling toxoplasma incidence from longitudinal seroprevalence in Stockholm, Sweden. Parasitology. 1993 Jul;107(1):33-40.",
Poland,lodz,Pregnant women,,1998,,19,46,female,255,562,45.37,41.2,49.6,none,indirect agglutination test,,"Nowakowska D, Stray-Pedersen B, ?piewak E, Sobala W, Ma?afiej E, Wilczy?ski J. Prevalence and estimated incidence of Toxoplasma infection among Pregnant women in Poland: a decreasing trend in the younger population. Clinical Microbiology and infection. 2006 Sep 1;12(9):913-7.",
Poland,lodz,Pregnant women,,1999,,19,46,female,312,682,45.75,42,49.6,none,indirect agglutination test,,"Nowakowska D, Stray-Pedersen B, ?piewak E, Sobala W, Ma?afiej E, Wilczy?ski J. Prevalence and estimated incidence of Toxoplasma infection among Pregnant women in Poland: a decreasing trend in the younger population. Clinical Microbiology and infection. 2006 Sep 1;12(9):913-7.",
Poland,lodz,Pregnant women,,2000,,19,46,female,293,788,37.18,33.8,40.7,none,indirect agglutination test,,"Nowakowska D, Stray-Pedersen B, ?piewak E, Sobala W, Ma?afiej E, Wilczy?ski J. Prevalence and estimated incidence of Toxoplasma infection among Pregnant women in Poland: a decreasing trend in the younger population. Clinical Microbiology and infection. 2006 Sep 1;12(9):913-7.",
Poland,lodz,Pregnant women,,2001,,19,46,female,395,965,40.93,37.8,44.1,none,indirect agglutination test,,"Nowakowska D, Stray-Pedersen B, ?piewak E, Sobala W, Ma?afiej E, Wilczy?ski J. Prevalence and estimated incidence of Toxoplasma infection among Pregnant women in Poland: a decreasing trend in the younger population. Clinical Microbiology and infection. 2006 Sep 1;12(9):913-7.",
Poland,lodz,Pregnant women,,2002,,19,46,female,389,940,41.38,38.2,44.6,none,indirect agglutination test,,"Nowakowska D, Stray-Pedersen B, ?piewak E, Sobala W, Ma?afiej E, Wilczy?ski J. Prevalence and estimated incidence of Toxoplasma infection among Pregnant women in Poland: a decreasing trend in the younger population. Clinical Microbiology and infection. 2006 Sep 1;12(9):913-7.",
Poland,lodz,Pregnant women,,2003,,19,46,female,386,979,39.43,36.4,44.6,none,indirect agglutination test,,"Nowakowska D, Stray-Pedersen B, ?piewak E, Sobala W, Ma?afiej E, Wilczy?ski J. Prevalence and estimated incidence of Toxoplasma infection among Pregnant women in Poland: a decreasing trend in the younger population. Clinical Microbiology and infection. 2006 Sep 1;12(9):913-7.",
Poland,lodz,Pregnant women,,2004,,18,47,female,220,526,41.83,37.7,46.1,none,elfa,,"Nowakowska D, Wujcicka W, Sobala W, ?piewak E, Gaj Z, Wilczy?ski J. Age-associated prevalence of Toxoplasma gondii in 8281 Pregnant women in Poland between 2004 and 2012. Epidemiology & Infection. 2014 Mar;142(3):656-61.",
Poland,lodz,Pregnant women,,2005,,18,47,female,518,1262,41.05,38.4,43.8,none,elfa,,"Nowakowska D, Wujcicka W, Sobala W, ?piewak E, Gaj Z, Wilczy?ski J. Age-associated prevalence of Toxoplasma gondii in 8281 Pregnant women in Poland between 2004 and 2012. Epidemiology & Infection. 2014 Mar;142(3):656-61.",
Poland,lodz,Pregnant women,,2006,,18,47,female,481,1191,40.39,37.6,43.2,none,elfa,,"Nowakowska D, Wujcicka W, Sobala W, ?piewak E, Gaj Z, Wilczy?ski J. Age-associated prevalence of Toxoplasma gondii in 8281 Pregnant women in Poland between 2004 and 2012. Epidemiology & Infection. 2014 Mar;142(3):656-61.",
Poland,lodz,Pregnant women,,2007,,18,47,female,453,1048,43.23,40.2,46.2,none,elfa,,"Nowakowska D, Wujcicka W, Sobala W, ?piewak E, Gaj Z, Wilczy?ski J. Age-associated prevalence of Toxoplasma gondii in 8281 Pregnant women in Poland between 2004 and 2012. Epidemiology & Infection. 2014 Mar;142(3):656-61.",
Poland,lodz,Pregnant women,,2008,,18,47,female,435,1050,41.43,38.5,44.4,none,elfa,,"Nowakowska D, Wujcicka W, Sobala W, ?piewak E, Gaj Z, Wilczy?ski J. Age-associated prevalence of Toxoplasma gondii in 8281 Pregnant women in Poland between 2004 and 2012. Epidemiology & Infection. 2014 Mar;142(3):656-61.",
Poland,lodz,Pregnant women,,2009,,18,47,female,380,1013,37.51,34.6,40.5,none,elfa,,"Nowakowska D, Wujcicka W, Sobala W, ?piewak E, Gaj Z, Wilczy?ski J. Age-associated prevalence of Toxoplasma gondii in 8281 Pregnant women in Poland between 2004 and 2012. Epidemiology & Infection. 2014 Mar;142(3):656-61.",
Poland,lodz,Pregnant women,,2010,,18,47,female,389,899,43.27,40.1,46.5,none,elfa,,"Nowakowska D, Wujcicka W, Sobala W, ?piewak E, Gaj Z, Wilczy?ski J. Age-associated prevalence of Toxoplasma gondii in 8281 Pregnant women in Poland between 2004 and 2012. Epidemiology & Infection. 2014 Mar;142(3):656-61.",
Poland,lodz,Pregnant women,,2011,,18,47,female,380,1006,37.77,34.8,40.8,none,elfa,,"Nowakowska D, Wujcicka W, Sobala W, ?piewak E, Gaj Z, Wilczy?ski J. Age-associated prevalence of Toxoplasma gondii in 8281 Pregnant women in Poland between 2004 and 2012. Epidemiology & Infection. 2014 Mar;142(3):656-61.",
Poland,lodz,Pregnant women,,2012,,18,47,female,108,286,37.76,32.3,43.5,none,elfa,,"Nowakowska D, Wujcicka W, Sobala W, ?piewak E, Gaj Z, Wilczy?ski J. Age-associated prevalence of Toxoplasma gondii in 8281 Pregnant women in Poland between 2004 and 2012. Epidemiology & Infection. 2014 Mar;142(3):656-61.",
Greece,northern,General population,,1984,,0,70,both,378,1014,37.28,NA,NA,none,ifa,,"Diza E, Frantzidou F, Souliou E, Arvanitidou M, Gioula G, Antoniadis A. Seroprevalence of Toxoplasma gondii in northern Greece during the last 20 years. Clinical microbiology and infection. 2005 Sep 1;11(9):719-23.",
Greece,northern,General population,,1994,,0,70,both,242,812,29.8,NA,NA,none,ifa,,"Diza E, Frantzidou F, Souliou E, Arvanitidou M, Gioula G, Antoniadis A. Seroprevalence of Toxoplasma gondii in northern Greece during the last 20 years. Clinical microbiology and infection. 2005 Sep 1;11(9):719-23.",
Greece,northern,General population,,2004,,0,70,both,231,958,24.11,NA,NA,none,ifa,,"Diza E, Frantzidou F, Souliou E, Arvanitidou M, Gioula G, Antoniadis A. Seroprevalence of Toxoplasma gondii in northern Greece during the last 20 years. Clinical microbiology and infection. 2005 Sep 1;11(9):719-23.",
USA,palo alto,Pregnant women,,1964,,,,,,,27,,,,,,"Remington JS, McLeod R, Wilson CB, Desmonts G. Toxoplasmosis. Chapter 31. Infectious diseases of the fetus and newborn infant (7th ed.). Philadelphia: WB Saunders. 2010:918-1041.","Mentioned in the text but no reference, k or n data"
USA,palo alto,Pregnant women,,1974,,,,,,,24,,,,,,"Remington JS, McLeod R, Wilson CB, Desmonts G. Toxoplasmosis. Chapter 31. Infectious diseases of the fetus and newborn infant (7th ed.). Philadelphia: WB Saunders. 2010:918-1041.","Mentioned in the text but no reference, k or n data"
USA,palo alto,Pregnant women,,1987,,,,,,,10,,,,,,"Remington JS, McLeod R, Wilson CB, Desmonts G. Toxoplasmosis. Chapter 31. Infectious diseases of the fetus and newborn infant (7th ed.). Philadelphia: WB Saunders. 2010:918-1041.","Mentioned in the text but no reference, k or n data"
USA,palo alto,Pregnant women,,1988,,,,,,,10,,,,,,"Remington JS, McLeod R, Wilson CB, Desmonts G. Toxoplasmosis. Chapter 31. Infectious diseases of the fetus and newborn infant (7th ed.). Philadelphia: WB Saunders. 2010:918-1041.","Mentioned in the text but no reference, k or n data"
USA,national,Military personnel,General population,1962,,17,26,male,386,2680,14.9,13.6,16.2,age,sabin feldman dye test ,,"Feldman HA. A nationwide serum survey of United States military recruits, 1962. VI. Toxoplasma antibodies. American Journal of Epidemiology. 1965;81(3):385-91.","Used data cited in the US military study by Smith et al (1996), Clin Infect Dis"
USA,national,Military personnel,General population,1990,,17,36,both,273,2862,9.9,8.8,11,age,direct agglutination test,,"Smith KL, Wilson M, Hightower AW, Kelley PW, Struewing JP, Juranek DD, McAuley JB. Prevalence of Toxoplasma gondii antibodies in US military recruits in 1989: comparison with data published in 1965. Clin Infect Dis. 1996 Nov;23(5):1182-3. doi: 10.1093/clinids/23.5.1182. PMID: 8922828.",Used data excluding non-US-born recruits (for better comparison with 1962 data); 82% were male
Costa Rica,regional (7 populations),General population,,1980,,15,26,both,NA,883,61.4,NA,NA,none,NA,,"Frenkel JK, Ruiz A. Human toxoplasmosis and cat contact in Costa Rica. The American journal of tropical medicine and hygiene. 1980 Nov 1;29(6):1167-80.",
Costa Rica,central valley,General population,,2002,2003,19,25,both,NA,46,42.6,NA,NA,none,elisa,,"Zapata M, REYES L, HOLST I. Disminución en la prevalencia de anticuerpos contra Toxoplasma gondii en adultos del valle central de Costa Rica. Parasitología latinoamericana. 2005 Jun;60(1-2):32-7.","estimated n by, in R, creating a normal distribution of ages based on the mean+/-sd quoted in the paper and extracting the total number of people <26 years old"
Norway,national,Pregnant women,,1992,1993,14,48,female,3907,35940,10.87,10.6,11.2,none,eia,,"Jenum PA, Kapperud G, Stray-Pedersen B, Melby KK, Eskild A, Eng J. Prevalence of Toxoplasma gondii specific immunoglobulin G antibodies among Pregnant women in Norway. Epidemiol Infect. 1998 Feb;120(1):87-92. doi: 10.1017/s0950268897008480. PMID: 9528822; PMCID: PMC2809341.",
Norway,nw norway,Pregnant women,,1992,1993,14,48,female,885,9141,9.68,9.1,10.3,none,eia,,"Jenum PA, Kapperud G, Stray-Pedersen B, Melby KK, Eskild A, Eng J. Prevalence of Toxoplasma gondii specific immunoglobulin G antibodies among Pregnant women in Norway. Epidemiol Infect. 1998 Feb;120(1):87-92. doi: 10.1017/s0950268897008480. PMID: 9528822; PMCID: PMC2809341.",regional prevalence of Jenum et al (1998) study to improve comparability between other Norweigan studies (geographically & demographically similar study sites)
Norway,oslo,Pregnant women,,1992,1993,14,48,female,1088,8249,13.19,12.5,13.9,none,eia,,"Jenum PA, Kapperud G, Stray-Pedersen B, Melby KK, Eskild A, Eng J. Prevalence of Toxoplasma gondii specific immunoglobulin G antibodies among Pregnant women in Norway. Epidemiol Infect. 1998 Feb;120(1):87-92. doi: 10.1017/s0950268897008480. PMID: 9528822; PMCID: PMC2809341.",regional prevalence of Jenum et al (1998) study to improve comparability between other Norweigan studies (geographically & demographically similar study sites)
Norway,nw norway,Pregnant women,,2010,2011,<19,>40,female,97,930,10.43,8.6,12.6,none,eia,,"Findal G, Barlinn R, Sandven I, Stray?Pedersen B, Nordbø SA, Samdal HH, Vainio K, Dudman SG, Jenum PA. Toxoplasma prevalence among Pregnant women in Norway: a cross?sectional study. Apmis. 2015 Apr;123(4):321-5.",Compare with seroprevalence from Møre and Romsdal and Mid-Norway (as mentioned in Findal et al (2015))
Norway,nw norway,Pregnant women,,1974,1975,<20 ,>35,female,134,1007,13.31,NA,NA,none,sabin-feldman dye test,,"Stray-Pedersen B, Lorentzen-Styr AM. The prevalence of toxoplasma antibodies among 11 736 Pregnant women in Norway. Scandinavian journal of infectious diseases. 1979 Jun 1;11(2):159-65.",Compare with seroprevalence from Sør-Trøndelag and Mid-Norway (as mentioned in Findal et al (2015))
Norway,oslo,Pregnant women,,1974,1975,<20 ,>35,female,1346,10729,12.55,NA,NA,none,sabin-feldman dye test,,"Stray-Pedersen B, Lorentzen-Styr AM. The prevalence of toxoplasma antibodies among 11 736 Pregnant women in Norway. Scandinavian journal of infectious diseases. 1979 Jun 1;11(2):159-65.",
Serbia,Belgrade,Childbearing-age women,Women tested at the Institute for Medical Research Toxo- plasmosis Laboratory,1988,1991,15,45,female,896,1157,77.44,NA,NA,none,sabin-feldman dye test,,"Bobi? B, Jevremovi? I, Marinkovi? J, Šibali? D, Djurkovi?-Djakovi? O. Risk factors for Toxoplasma infection in a reproductive age female population in the area of Belgrade, Yugoslavia. European journal of epidemiology. 1998 Sep;14(6):605-10.",
Serbia,national,Childbearing-age women,Women tested at the Institute for Medical Research Toxo- plasmosis Laboratory,1988,1997,15,49,female,NA,2936,69,NA,NA,none,sabin-feldman dye test,,"Bobi? BN, Nikoli? AI, ?urkovi?-?akovi? OM. Identification of risk factors for Toxoplasma gondii infection in Serbia as a basis of a program for prevention of congenital toxoplasmosis. Srpski arhiv za celokupno lekarstvo. 2003;131(3-4):162-7.",
Serbia,national,Childbearing-age women,Women tested at the Institute for Medical Research Toxo- plasmosis Laboratory,2001,2005,15,45,female,NA,765,32.54,NA,NA,none,direct agglutination test,,"Bobic B, Nikolic A, Klun I, Vujanic M, Djurkovic-Djakovic O. Undercooked meat consumption remains the major risk factor for Toxoplasma infection in Serbia. Parassitologia. 2007 Dec 1;49(4):227.",
Belgium,Brussels,Pregnant women,,1979,1982,NA,NA,female,1583,2986,53.01,NA,NA,none,NA,,"Breugelmans M, Naessens A, Foulon W. Prevention of toxoplasmosis during pregnancy--an epidemiologic survey over 22 consecutive years. J Perinat Med. 2004;32(3):211-4. doi: 10.1515/JPM.2004.039. PMID: 15188792.",
Belgium,Brussels,Pregnant women,,1983,1990,NA,NA,female,4695,8300,56.57,NA,NA,none,NA,,"Breugelmans M, Naessens A, Foulon W. Prevention of toxoplasmosis during pregnancy--an epidemiologic survey over 22 consecutive years. J Perinat Med. 2004;32(3):211-4. doi: 10.1515/JPM.2004.039. PMID: 15188792.",
Belgium,Brussels,Pregnant women,,1991,2001,NA,NA,female,8049,16541,48.66,NA,NA,none,NA,,"Breugelmans M, Naessens A, Foulon W. Prevention of toxoplasmosis during pregnancy--an epidemiologic survey over 22 consecutive years. J Perinat Med. 2004;32(3):211-4. doi: 10.1515/JPM.2004.039. PMID: 15188792.",
Poland,"Poznan?and, Grand Poland Province",Pregnant women,Urban areas,1998,1998,NA,NA,female,26,71,36.62,NA,NA,none,direct agglutination test,,"Paul M, Petersen E, Szczapa J. Prevalence of congenital Toxoplasma gondii infection among newborns from the Poznan region of Poland: validation of a new combined enzyme immunoassay for Toxoplasma gondii-specific immunoglobulin A and immunoglobulin M antibodies. Journal of Clinical Microbiology. 2001 May 1;39(5):1912-6.",
Poland,"Poznan?and, Grand Poland Province",Pregnant women,Urban areas,1999,1999,NA,NA,female,55,167,32.93,NA,NA,none,direct agglutination test,,"Paul M, Petersen E, Szczapa J. Prevalence of congenital Toxoplasma gondii infection among newborns from the Poznan region of Poland: validation of a new combined enzyme immunoassay for Toxoplasma gondii-specific immunoglobulin A and immunoglobulin M antibodies. Journal of Clinical Microbiology. 2001 May 1;39(5):1912-6.",
Poland,"Poznan?and, Grand Poland Province",Pregnant women,Urban areas,2000,2000,NA,NA,female,39,111,35.14,NA,NA,none,direct agglutination test,,"Paul M, Petersen E, Szczapa J. Prevalence of congenital Toxoplasma gondii infection among newborns from the Poznan region of Poland: validation of a new combined enzyme immunoassay for Toxoplasma gondii-specific immunoglobulin A and immunoglobulin M antibodies. Journal of Clinical Microbiology. 2001 May 1;39(5):1912-6.",
Poland,"Poznan?and, Grand Poland Province",Pregnant women,Towns,1998,1998,NA,NA,female,158,393,40.2,NA,NA,none,direct agglutination test,,"Paul M, Petersen E, Szczapa J. Prevalence of congenital Toxoplasma gondii infection among newborns from the Poznan region of Poland: validation of a new combined enzyme immunoassay for Toxoplasma gondii-specific immunoglobulin A and immunoglobulin M antibodies. Journal of Clinical Microbiology. 2001 May 1;39(5):1912-6.",
Poland,"Poznan?and, Grand Poland Province",Pregnant women,Towns,1999,1999,NA,NA,female,127,321,39.56,NA,NA,none,direct agglutination test,,"Paul M, Petersen E, Szczapa J. Prevalence of congenital Toxoplasma gondii infection among newborns from the Poznan region of Poland: validation of a new combined enzyme immunoassay for Toxoplasma gondii-specific immunoglobulin A and immunoglobulin M antibodies. Journal of Clinical Microbiology. 2001 May 1;39(5):1912-6.",
Poland,"Poznan?and, Grand Poland Province",Pregnant women,Towns,2000,2000,NA,NA,female,146,349,41.83,NA,NA,none,direct agglutination test,,"Paul M, Petersen E, Szczapa J. Prevalence of congenital Toxoplasma gondii infection among newborns from the Poznan region of Poland: validation of a new combined enzyme immunoassay for Toxoplasma gondii-specific immunoglobulin A and immunoglobulin M antibodies. Journal of Clinical Microbiology. 2001 May 1;39(5):1912-6.",
Poland,"Poznan?and, Grand Poland Province",Pregnant women,Rural areas,1998,1998,NA,NA,female,207,429,48.25,NA,NA,none,direct agglutination test,,"Paul M, Petersen E, Szczapa J. Prevalence of congenital Toxoplasma gondii infection among newborns from the Poznan region of Poland: validation of a new combined enzyme immunoassay for Toxoplasma gondii-specific immunoglobulin A and immunoglobulin M antibodies. Journal of Clinical Microbiology. 2001 May 1;39(5):1912-6.",
Poland,"Poznan?and, Grand Poland Province",Pregnant women,Rural areas,1999,1999,NA,NA,female,173,368,47.01,NA,NA,none,direct agglutination test,,"Paul M, Petersen E, Szczapa J. Prevalence of congenital Toxoplasma gondii infection among newborns from the Poznan region of Poland: validation of a new combined enzyme immunoassay for Toxoplasma gondii-specific immunoglobulin A and immunoglobulin M antibodies. Journal of Clinical Microbiology. 2001 May 1;39(5):1912-6.",
Poland,"Poznan?and, Grand Poland Province",Pregnant women,Rural areas,2000,2000,NA,NA,female,230,447,51.45,NA,NA,none,direct agglutination test,,"Paul M, Petersen E, Szczapa J. Prevalence of congenital Toxoplasma gondii infection among newborns from the Poznan region of Poland: validation of a new combined enzyme immunoassay for Toxoplasma gondii-specific immunoglobulin A and immunoglobulin M antibodies. Journal of Clinical Microbiology. 2001 May 1;39(5):1912-6.",
Slovenia,national,Pregnant women,,1981,1985,NA,NA,female,2648,5108,51.84,NA,NA,none,sabin-feldman dye test,,"Logar J, Novak-Antolic Z, Zore A. Serological screening for toxoplasmosis in pregnancy in Slovenia. Scand J Infect Dis. 1995;27(2):163-4. doi: 10.3109/00365549509018999. PMID: 7660082.",
Slovenia,national,Pregnant women,,1986,1990,NA,NA,female,3732,7591,49.16,NA,NA,none,sabin-feldman dye test,,"Logar J, Novak-Antolic Z, Zore A. Serological screening for toxoplasmosis in pregnancy in Slovenia. Scand J Infect Dis. 1995;27(2):163-4. doi: 10.3109/00365549509018999. PMID: 7660082.",
Slovenia,national,Pregnant women,,1991,1994,NA,NA,female,3050,8254,36.95,NA,NA,none,ifa,,"Logar J, Novak-Antolic Z, Zore A. Serological screening for toxoplasmosis in pregnancy in Slovenia. Scand J Infect Dis. 1995;27(2):163-4. doi: 10.3109/00365549509018999. PMID: 7660082.",
Slovenia,Ljubljana,Pregnant women,,1996,1999,NA,NA,female,7151,21270,33.62,NA,NA,none,ifa,,"Logar J, Petrovec M, Novak-Antolic Z, Premru-Srsen T, Cizman M, Arnez M, Kraut A. Prevention of congenital toxoplasmosis in Slovenia by serological screening of pregnant women. Scandinavian journal of infectious diseases. 2002 Jan 1;34(3):201-4.",
